Name,Age,City
bMSfW,29,London
mnXEG,42,Tokyo
rdBRf,30,Paris
vCnTi,45,Tokyo
HygWH,38,New York
rBMBN,29,London
wqJig,46,Paris
vtovE,46,London
IdWaz,22,New York
RZoRu,33,Tokyo
qQFzi,26,Tokyo
kzOkh,49,Paris
FEdVz,41,Tokyo
ifRxK,39,Tokyo
Poqrr,40,Tokyo
mnYgy,33,Paris
Bussk,21,Paris
UIslv,23,Paris
RULfd,34,Tokyo
BxyyD,44,London
fIKOA,40,Paris
ifnhA,35,London
IRbev,30,New York
XszJx,20,London
EkTSD,33,New York
EsWqK,27,Tokyo
EGBHd,44,London
PCnWA,22,New York
nMCjd,39,New York
VvwIX,35,New York
luyLb,20,Tokyo
HIkmr,38,London
fhvxE,41,Paris
Ekeph,22,New York
sfCEO,21,London
tdzdY,25,Tokyo
TMLPt,44,London
nllPh,39,London
fPdmJ,48,London
fKldF,27,New York
fuYnU,23,London
IYwdb,41,Tokyo
xxdUF,23,London
QPmXk,40,Paris
JncsB,33,Paris
bhTkU,40,Paris
VgWCu,23,Tokyo
tLAjs,32,London
LTfXD,31,Paris
MnjQN,31,Tokyo
NvbMS,43,New York
XNjDX,47,Paris
hKdLr,46,London
uyCMQ,48,Paris
TgcpE,47,New York
RVEUk,21,New York
Bmxkz,50,Paris
LQkYp,23,Tokyo
lkGXR,45,Paris
uzdNq,22,London
OsGNr,47,London
xLMDh,38,Paris
MImuZ,26,Paris
bSLZC,49,Paris
WNtjh,39,Paris
PsugH,40,Tokyo
XTPby,21,Tokyo
tQkBR,47,Tokyo
mdnTX,44,New York
mfTyf,45,Tokyo
tsPUX,27,Paris
huECx,50,Paris
EbaWx,44,Paris
PcBHi,32,London
kGDDF,25,Paris
OsGVp,21,New York
YHwpX,38,London
QPBdD,34,London
atqCV,43,Paris
lIkeq,34,New York
dFRhZ,31,New York
vfHdu,32,Tokyo
UBOBL,49,Paris
shwlB,31,Tokyo
NAJBv,27,Paris
DntMr,46,Paris
iTyEQ,40,London
BPKJd,25,New York
zVVVy,22,Paris
WgJrD,40,New York
rNqJa,42,Tokyo
gUYxc,45,Tokyo
vdDJS,25,New York
omkpw,36,Tokyo
MGSdC,30,London
KSyde,26,London
VxmAv,47,Tokyo
yYNaT,26,Paris
zAVxm,32,New York
euVmZ,48,New York
URSiA,29,London
yAdrT,37,Paris
eSzrk,43,Tokyo
SXeaV,49,Tokyo
wAJPS,39,Paris
XoDfl,50,New York
eEeEr,27,Tokyo
SRQBG,36,Tokyo
VhINy,47,Tokyo
nODBX,45,Tokyo
UaBUn,23,New York
ugZzj,44,London
JHyqh,44,Paris
jmuKo,42,Paris
JnIle,43,New York
FZAtW,42,Tokyo
oUxPm,48,New York
XCCPX,45,Tokyo
emUIN,33,London
UQLuT,39,Tokyo
PRkWz,27,Tokyo
Kpnvd,48,Paris
TSNaL,41,Paris
hwANP,35,Tokyo
MlUvX,21,Tokyo
SUkpq,28,Tokyo
eLpFH,28,London
Wzbif,49,London
qTWdg,43,Paris
LMcqv,23,New York
OZTpQ,20,Paris
mMynl,41,Tokyo
XYIYg,20,Paris
uOwnS,45,Paris
BdIkQ,36,Paris
frxOH,30,New York
ZXCWQ,29,Tokyo
GQJpk,46,New York
tTNkn,33,London
mmJNr,32,Paris
AeEHp,34,New York
hTmKo,45,New York
LQWeV,41,New York
iSoBG,49,London
FjBlW,31,London
gmPMw,25,New York
uvgtg,40,London
uxczl,40,Paris
QlpzU,26,London
mtrFc,31,Tokyo
cLIij,23,Paris
RONRc,49,Paris
rlRWi,49,New York
ijeBt,30,New York
HraBE,41,Tokyo
DDitN,22,New York
jBjQi,39,Paris
nxIhb,27,New York
YCkRD,47,New York
tgoKy,20,Paris
FFHtL,42,London
BbsUe,25,Paris
TPvPc,25,Tokyo
lCwMW,34,London
ccamq,48,Tokyo
QwuNG,23,Tokyo
CtJpZ,26,Tokyo
GJACt,24,London
DgHYj,21,London
nQmko,48,Paris
wAuPK,47,London
hZNLB,22,London
HGpyS,34,London
kvvUY,25,London
xgTHl,26,London
DPkgI,40,New York
NkYzs,27,New York
EqjJQ,28,Tokyo
IdoWL,48,Tokyo
FFYIX,23,London
dqtAQ,36,London
wdFXM,31,Tokyo
qWLir,47,London
TseeS,46,London
MxlwD,43,Paris
FdPRM,48,Paris
kgVuK,33,London
UPuZe,42,Tokyo
Ixxfa,27,New York
eArJJ,23,London
eNMyM,20,Tokyo
IpuGk,20,Tokyo
rOeZa,39,Tokyo
ferlV,25,New York
nSAUx,29,London
WQjLF,44,New York
EMYIO,21,London
UnoDL,23,Tokyo
RXRDD,26,New York
AVXXF,42,New York
qzJog,47,New York
irzju,50,London
totUF,48,New York
JPWSX,22,Paris
hooKG,23,London
uAIih,45,Tokyo
OnVKl,22,New York
jCEiy,40,Paris
qzuYp,46,Paris
EvDyh,27,Paris
XEwSH,48,Paris
blvMn,48,London
saopv,20,New York
nnJWR,35,New York
tQhDH,47,London
UiGEd,26,London
mYfrL,26,London
OaMIx,26,Paris
UuNcg,21,London
KKxeI,33,London
KMvVl,47,New York
sSkLF,41,New York
MrWDx,30,New York
dEUst,38,London
KSDxI,35,Tokyo
xdnqO,43,London
Fhret,42,London
cVzdM,27,New York
SwTFD,50,Tokyo
GQCaM,46,New York
YzwZI,47,New York
IJMKD,27,New York
qmpcg,32,Tokyo
ZfGlR,33,New York
nSGEj,45,New York
EOmiQ,33,New York
CSOPx,50,Tokyo
ciopx,23,Paris
LjvEn,25,Tokyo
MOzbo,27,New York
jMylm,47,Tokyo
yTvFu,31,New York
NHxCd,31,Paris
rXIyG,22,Tokyo
mPetO,34,Paris
utmEq,48,Tokyo
XmnLU,44,London
RdeUZ,49,Paris
Yrand,47,New York
rZBIi,37,New York
NsnPH,37,Paris
iYiwl,34,Paris
udEBO,30,Paris
iSETn,28,Tokyo
JEesO,34,London
ZXgir,38,Tokyo
tTvbC,31,Tokyo
mPsCp,38,New York
HJDam,20,New York
CWxxr,48,New York
pFEPt,24,Tokyo
koxhh,32,Paris
cPQWn,42,London
Zjyxl,25,New York
XAVov,21,New York
Xwbcv,41,Tokyo
jkwEG,44,Tokyo
agpCO,44,New York
MNTYA,50,Tokyo
GwBNi,38,London
iPUMC,45,Tokyo
fezjd,29,Tokyo
MBNop,30,Tokyo
hojYk,43,Paris
rROBE,34,Paris
qtFVv,35,New York
aWwdZ,26,Tokyo
cslPO,40,Paris
wqwAu,38,Tokyo
IQfqv,23,Paris
PFbfJ,43,Tokyo
CqjuG,35,Tokyo
TnOSg,28,London
PYOaz,30,Tokyo
gfUFS,22,Tokyo
iVmZg,25,Paris
Xfmss,30,Tokyo
dNQcr,40,Paris
gmnWQ,27,London
YHLIP,42,Tokyo
VNXMX,26,New York
hIskA,31,New York
hOlQP,46,Tokyo
CdSmr,43,Tokyo
zmJTd,46,London
RKmVs,26,New York
RzsND,42,London
wTBeO,24,Tokyo
OOECE,36,London
pTkMB,50,Tokyo
cizxp,32,Tokyo
zquYl,47,Tokyo
hSIlC,42,London
VRijY,35,Tokyo
exMIC,34,London
GYgFI,22,Tokyo
scrfA,20,Tokyo
qIHyJ,21,Tokyo
JmpRJ,21,Paris
VTrIa,45,New York
ZYbgB,41,Tokyo
Knwbk,46,New York
VnMVB,35,Paris
SRApi,31,New York
oifFQ,26,Tokyo
DHbTk,20,Tokyo
iFIhs,23,Paris
voImT,49,Tokyo
YURnO,39,New York
EKhmF,50,London
SemQt,39,Paris
eARiq,30,London
NoAgD,47,New York
jPXWe,31,London
LaZCL,29,Tokyo
SRjJS,21,Tokyo
jnaor,21,Paris
UnYkb,50,New York
fdZns,29,New York
lMHMr,37,New York
rRRrY,48,Tokyo
eSqBD,33,New York
RLHEM,44,New York
CzzoO,38,Tokyo
xpbHa,22,New York
igKpP,48,Paris
ojZBT,41,Paris
GidlK,49,Tokyo
LnYIO,27,New York
FUVEk,36,Paris
sCxrL,33,New York
LcLFE,28,London
ZLQTV,26,New York
swdYk,32,Tokyo
fXVTE,30,Paris
vosUa,36,Tokyo
MDCkD,50,New York
GNxfW,50,New York
Pjyui,38,New York
dGOAi,35,London
EWuPf,37,Paris
zHRnl,47,London
FrINA,27,London
hoazG,43,Paris
iLwld,50,Paris
OVDyl,34,Paris
qVSlu,49,Paris
KgLZQ,32,Paris
zCuCA,45,London
DEVWS,23,New York
NlXsC,38,Tokyo
YqmnA,24,Paris
tYsIO,38,London
bnOrD,21,Paris
BBmhn,27,London
Dntrn,49,London
dEPSo,48,Tokyo
eFTxH,50,Tokyo
NXZch,27,New York
yUoZO,27,New York
EJKBU,21,Paris
tfvOM,24,New York
XhUQU,26,Tokyo
rEAYq,38,Tokyo
bwXJk,34,London
PKEMw,25,Tokyo
xiLjp,37,London
NfQsT,22,Tokyo
IYqKq,37,Paris
vbhrA,30,Tokyo
DbnJy,42,Paris
Dscyy,49,New York
Ophgf,42,Tokyo
wxvmY,28,New York
dguhu,20,New York
sAzAO,32,Paris
bfVbg,42,New York
qWAqF,25,New York
NWxHz,20,Tokyo
UfPzd,25,Paris
lFtly,41,Tokyo
NMleJ,27,New York
IvFBF,25,London
mqSne,48,Tokyo
EydyD,38,Tokyo
kxzfu,22,Paris
SeMut,32,London
xJXvd,49,New York
FLQwO,37,Tokyo
PjDUc,36,Paris
wghzu,34,New York
zpvqH,47,London
NfQWk,38,London
kmypg,46,London
BgKbz,44,London
ujUqN,50,Paris
segoi,39,Paris
yKEhU,39,Paris
ZaCiD,48,Paris
cuYGu,31,New York
ZqBWV,33,New York
IbENY,34,New York
IgNwV,27,New York
KOIOo,20,Tokyo
xkYkB,47,Tokyo
tCDPO,46,Tokyo
qsuJo,30,New York
ssPzz,36,London
JVjxY,31,New York
hZESh,41,New York
xAvbw,23,New York
zzaQe,20,New York
VErKg,37,Tokyo
ynqPq,35,Paris
yuUXp,48,Paris
HWQsX,24,Paris
cVmSt,31,London
hHPXP,45,Tokyo
GERWI,40,Paris
jFOOa,50,Tokyo
IjTAZ,28,New York
Oawnw,22,Paris
WMiNO,25,New York
ejURU,30,Paris
FzADM,48,New York
KrSXK,34,London
kIeiH,36,London
fDRBi,43,Tokyo
Isrsl,47,Paris
UDLxX,37,London
CyjdD,35,London
MFhZh,23,New York
fEGeS,46,New York
KYWVc,22,London
bktWQ,47,Tokyo
WGJko,36,New York
DzljI,42,Paris
fIDCC,28,New York
uOyFh,32,New York
SodpC,23,Tokyo
xERWy,22,Tokyo
POuuG,35,Tokyo
uvPDF,40,London
PnNGn,22,Paris
DaqXU,33,Paris
cIeND,36,New York
sceDf,40,Paris
LIoig,48,Tokyo
agKfT,34,New York
DMpWd,27,Paris
qrhKc,28,London
tiMGZ,32,Tokyo
zLIyb,35,Paris
pddXL,38,Paris
HPCAV,47,Tokyo
XTGID,41,Tokyo
XshYW,38,London
NZZKc,40,Tokyo
Nthlo,27,New York
Ziedy,49,New York
LoPdA,28,Paris
qhscR,23,New York
ogmut,32,Tokyo
Kvtan,30,London
tanXd,41,Paris
PPozc,34,Tokyo
GJLZQ,36,Tokyo
OTOyF,41,London
EoGCy,36,New York
xXGEj,42,New York
nFdub,39,New York
vAifn,38,New York
odVaE,47,Paris
IvBvY,25,London
ugQlF,47,Paris
iovRL,35,London
nqjQQ,35,Tokyo
CasXc,28,Paris
lWeFe,25,Paris
cVFVN,39,Paris
iMsfT,32,New York
XHzrf,48,Tokyo
FeYip,20,Tokyo
HUIyz,36,London
ZDSsK,30,Tokyo
AEUiw,31,London
QlBdB,38,Tokyo
WVCfH,43,Tokyo
xHJxU,38,London
IrAzV,50,Paris
TYqjp,21,London
WRzmD,45,London
tPiAD,35,London
icuUB,47,Tokyo
msqYC,49,Tokyo
hkixk,26,Paris
pXveC,47,London
tuXCI,21,New York
aGnxk,20,London
eyfxI,35,New York
aKuNT,38,New York
TelYP,32,Paris
WPhbN,27,New York
wzVzC,34,Tokyo
PGEwy,49,Paris
beihQ,34,Tokyo
hmgKs,35,London
uXwjD,42,Tokyo
BWjoL,42,London
jZPGx,23,London
SDGcX,49,Tokyo
JTZkf,46,London
OqNYQ,44,New York
XMbxv,28,London
ltoUj,41,New York
isIMl,38,London
bXpAS,50,Tokyo
ZxyAh,29,New York
DeRWv,44,New York
gwbzF,44,Tokyo
cQOYI,35,Tokyo
Wxexl,34,London
YnLDq,49,Tokyo
JuzPA,33,Tokyo
OsOvP,29,Tokyo
cVCiK,38,Tokyo
Hkaej,35,Paris
ZpPKY,31,London
bclUq,23,New York
VZCPd,49,London
JdUYo,48,London
kTIAa,35,Paris
YbDEP,48,New York
gBkUz,42,New York
UajqX,48,New York
WmbWi,33,Paris
fufho,22,London
MVVGW,34,Tokyo
xMHCf,43,London
mNPnK,33,Paris
Xisiy,26,Paris
axPPH,49,New York
NbWXh,32,New York
UgiHB,30,Tokyo
nRkxY,48,New York
qhqay,30,Paris
zVIcl,39,London
uaNMZ,31,London
MHTKi,38,London
OuXEh,46,Paris
nkfFf,37,Paris
CzsWX,32,Tokyo
gTyTV,46,Paris
PFUGe,28,New York
Srlnq,22,London
OEduE,42,Tokyo
UXadv,35,London
BUviR,29,Tokyo
rggCj,27,New York
IvrAI,32,Tokyo
PLYTg,45,London
nfulI,50,Tokyo
BzQiA,37,Paris
YPrZb,43,Tokyo
HYNhO,35,Tokyo
rJIbC,20,Tokyo
ecZbq,50,London
fmQKw,42,Paris
VfrTw,22,New York
sPeeH,38,London
IvFDw,24,Paris
YQTmN,42,Paris
PgBjD,41,London
GcFlj,29,New York
paVBC,48,London
jwBcF,25,Paris
NaDtR,42,New York
YTfHy,49,New York
bavJd,34,London
nMcLv,36,London
obrJN,31,New York
TFxgr,49,Tokyo
UEEvP,48,Paris
GxyOj,44,Tokyo
EGrSm,44,Paris
qGwdN,34,New York
legvQ,48,Paris
RvrhZ,20,London
TrdnB,27,Paris
GSbRE,20,Tokyo
sXQIr,50,Tokyo
fENNX,34,New York
VcgPX,29,Tokyo
QxRIT,31,New York
wUtkr,28,Tokyo
VXbrc,33,Paris
yHMRF,27,London
PyGcG,20,Paris
gJMDO,36,London
ODJwU,44,Paris
hfTBO,24,London
XZwsh,40,London
VQlAg,29,New York
JAVRR,32,London
xLGXg,45,Paris
kJzAW,24,Tokyo
qNVLv,41,London
tqjzi,46,Paris
AbFTO,32,London
WOTjz,47,London
vKXGI,23,Tokyo
HNywH,47,Paris
qnqZZ,29,Paris
LNNXd,41,Paris
zUOGf,42,London
hMDTU,50,London
NWgbG,24,Tokyo
SaoZq,44,New York
MmhmN,26,New York
dAcpX,41,London
PocEv,48,Paris
uQkOm,20,New York
PygcT,27,London
NRtKt,49,London
UjgPA,35,Tokyo
mAGkt,44,London
UTbgV,27,London
GppJT,47,Tokyo
PILDG,25,London
OmEAR,42,London
ZbNfO,39,New York
Evquy,35,Paris
REOAA,31,London
ADKkG,25,New York
GgEue,21,London
bcrey,26,Paris
wdjvv,27,London
FzPgu,25,Tokyo
ulEIH,34,Paris
nctCb,41,Tokyo
rgAGw,32,Paris
Wjjpd,31,London
rvGDs,20,New York
ALMGb,38,Paris
rhGeN,27,London
JAdAV,45,New York
mfJvk,30,London
HOgeo,22,London
JUsgf,47,Paris
ZFglN,27,Paris
qzsBv,46,Tokyo
Zdvkl,41,New York
oeUZX,22,London
YCWvl,41,Tokyo
HaADm,20,Tokyo
IRfmL,47,Paris
VUilr,42,London
GIheY,46,New York
VWAoB,45,London
SKdJH,49,Paris
jvirs,45,Tokyo
REbnG,34,New York
vxamP,50,London
yTAQB,26,New York
JaLPf,38,Tokyo
yMTlj,49,Paris
owqkr,29,Paris
Dcnqh,21,New York
eqjqU,36,New York
wNIvj,36,New York
HBYwG,49,Tokyo
BgFIw,40,London
HXFsf,33,Tokyo
ltzoM,50,New York
wOtro,38,Paris
nTKMy,32,Tokyo
giHTB,50,London
vVmvh,22,Tokyo
WmaWK,46,New York
QQSdJ,44,Paris
ScrLU,30,London
bwLmp,31,London
ZIrmd,38,London
CrfDo,24,Paris
vYAhk,30,Paris
EnBTZ,36,London
YDtYn,49,Paris
tTFIV,31,Paris
AQmFs,48,New York
BVYsb,27,London
VOoan,31,London
btLzM,37,Tokyo
OqdTG,30,Tokyo
Bxlxb,27,Tokyo
FJRHT,32,Tokyo
WZDzC,35,Paris
hMoXE,48,London
MkLpe,43,London
coODT,44,Tokyo
sepYu,48,London
bqxaV,23,London
EHeiQ,32,London
IDRwJ,30,Tokyo
pFWVS,46,Tokyo
cxoME,47,New York
ApxGq,39,New York
cjvvb,40,Tokyo
keuOo,22,New York
eiPwV,46,London
cLBrM,32,New York
BsiqO,49,New York
ztuaN,50,Paris
uBWrC,50,Tokyo
fdFCm,38,London
IfvNq,50,London
SStvf,27,London
BHVHN,31,London
VyLLM,38,Tokyo
LUqia,49,Tokyo
GcMog,23,Paris
NDJlN,24,New York
KWYBw,45,Tokyo
gNYns,36,New York
ByKwy,25,New York
aoIqU,21,London
eBHwl,22,London
GNShD,22,Tokyo
BTqUC,36,Paris
XQpFv,39,Paris
bncSJ,41,London
Svkhx,45,New York
Etegl,39,New York
uAvaH,33,New York
tYgTm,26,Tokyo
hfhrJ,35,Paris
SiUsr,38,Tokyo
XGWKt,39,New York
XPEOs,30,New York
VOXRF,42,New York
bUERe,33,London
gSdHS,50,Paris
nSztT,50,New York
AUCgu,42,New York
CEVPz,44,London
hbqlu,28,London
TGchc,27,Tokyo
QUufG,38,New York
Edhoh,27,London
KmZmm,35,London
cHixG,48,Tokyo
mdKdV,32,New York
tzfrk,28,Paris
CLdcr,22,New York
yURwW,34,Paris
kDtvG,38,Tokyo
BOBoI,42,Paris
jvVgl,24,London
pNuAG,40,Paris
YJcaC,25,Tokyo
LpcML,32,Tokyo
xdRzk,23,London
jNdBv,42,Paris
FpAQB,35,Paris
sIeyA,44,New York
NcFgR,22,New York
FGPyI,25,New York
ckMcu,25,Paris
qXELq,20,Tokyo
gIgwR,25,London
nDUWw,33,New York
fqdzB,43,Tokyo
KViPB,25,Paris
fIeBx,23,Tokyo
ffAnR,35,Paris
CMned,34,London
AzxKj,21,New York
SYDIy,42,New York
mfURK,38,New York
oTAAh,34,Paris
XDNyD,26,Tokyo
FFvqh,32,New York
RhCQS,25,New York
YqdIC,24,New York
ZQkzj,44,New York
AFOOc,44,New York
UGrds,42,London
xYNUn,42,Paris
yUXuO,45,London
MkTqm,25,Paris
sykgW,21,Tokyo
BzewT,39,New York
XmPbu,37,London
mSUSZ,39,Tokyo
vtELp,22,Tokyo
JmToA,38,Tokyo
VkfZH,48,London
nfSqC,28,Paris
eLVyi,46,Tokyo
xvZvY,35,New York
ssXVt,20,New York
QInbG,23,London
knlrW,22,London
SSOhl,49,Paris
eHjpn,30,London
urVdg,47,New York
aPGHl,41,Tokyo
TSrum,35,New York
mYsiM,45,London
veVFU,39,Tokyo
MuiRH,34,Paris
nLtmN,47,London
HkrRe,42,New York
oCtox,50,London
kQzAE,50,Paris
DwFDM,33,New York
CLMID,43,Tokyo
KDLox,27,London
Qmhtd,48,Paris
WksAw,33,Tokyo
bbFZd,44,Paris
EEiQm,43,Tokyo
nldSD,25,New York
FiGhr,35,Paris
NEism,32,Tokyo
HPzna,21,Paris
bTrpi,27,London
waHmD,43,Paris
FYkxp,41,London
iORWs,27,New York
LXXuy,46,Tokyo
KQoCb,35,London
USGOU,28,Paris
kzttJ,33,Paris
JUzVG,29,London
vTiuY,23,Tokyo
URWUd,36,New York
HxVJk,32,Paris
kFjvr,21,Tokyo
xpoVj,29,New York
gPPPu,28,Paris
wXgXk,43,Paris
koZzM,47,New York
TJvAa,27,Tokyo
BZGSN,31,Tokyo
nrzHN,27,New York
uaxtT,32,New York
Znicb,34,New York
Whitk,29,Paris
vtLqK,31,Paris
QaCPb,48,Paris
kJzDI,42,New York
nAUop,28,New York
EDtTg,38,London
rzMqg,45,Tokyo
cuAoh,40,New York
zqsfd,49,Tokyo
bqASW,26,Tokyo
HNHqJ,42,London
kLsWO,48,Paris
AiWGN,48,New York
SztZZ,23,London
umRTI,23,London
aXEfY,42,Paris
mNPBA,44,Paris
aJTNL,41,New York
tODEp,25,New York
FVNiO,46,Paris
EIrNg,50,New York
IhGZq,32,New York
QAjVi,43,Tokyo
iPUBa,48,Tokyo
xiLLs,45,London
KVsOf,47,Tokyo
uPDBJ,45,Tokyo
kVIaw,25,New York
tPFDt,39,New York
sGFfC,25,Paris
vbmXU,47,Tokyo
KWbgJ,39,London
eZDhE,36,New York
ZtGwu,39,London
ETfBs,39,New York
rgZca,34,Paris
qBofc,32,New York
TXRKM,38,London
VxzqO,39,Paris
CCoNw,45,Tokyo
WgVfN,35,New York
eqSVC,44,Paris
yDGPz,34,Tokyo
NzaCM,34,London
LKati,31,Tokyo
XXrxW,31,London
ZQwQs,48,Paris
pDKFy,20,London
oMiVt,38,Tokyo
qqnma,21,Tokyo
lfbPK,50,Paris
OYkaY,38,Tokyo
GQaga,31,London
ljDLX,23,New York
sSUpM,49,Paris
oPUXH,42,London
kXcyC,23,New York
PYsjD,28,Paris
NNcXe,41,New York
bqGKd,37,Paris
dshfy,42,Paris
eQYHq,37,Tokyo
lZzzF,34,London
XgtQY,36,Paris
mvFhU,49,New York
mYthT,39,Paris
rrdNQ,45,Paris
OeATG,47,Paris
DYRGp,21,London
LzkkL,42,London
VAeKB,38,Tokyo
TMTqN,49,Tokyo
yqzvn,34,London
OVbwD,31,Tokyo
jLZvJ,47,London
RzIXM,46,Tokyo
qfioQ,29,Tokyo
taYqN,48,New York
UYXXa,40,Tokyo
mZffa,20,Paris
pwDjL,28,London
zojlW,45,Paris
MWxnr,32,London
BRKUE,44,London
IhJEl,21,Paris
WHmXj,33,Paris
dAucI,29,Paris
xvChN,23,London
ugirj,25,New York
xVYhZ,30,Paris
vdryi,29,New York
iCpLH,29,London
NJitz,30,New York
vBYJo,22,London
yVnMV,34,New York
TvvPO,43,London
dovhQ,43,Paris
EXnSl,37,London
NzDAq,36,London
fGYxK,23,Tokyo
WMKaT,41,London
woNNg,29,New York
Ngyco,27,New York
CztDj,38,Tokyo
BUriL,30,Tokyo
BCfPJ,24,New York
OjSlA,30,New York
riEUl,23,New York
iJNer,44,Paris
IVyUt,23,New York
xJZnT,37,New York
OYTlH,42,Tokyo
qcsuG,28,New York
InwaE,30,Paris
TrAFs,44,Tokyo
DBvZo,44,Paris
MvPqj,41,London
FNXDl,33,Tokyo
Zojub,46,Paris
eoMUw,31,Paris
vlslL,30,New York
pxcKl,29,Tokyo
KjKeK,50,Tokyo
qgOWY,49,New York
PlIFS,48,Paris
vuTCM,30,New York
oPlFc,42,Tokyo
AmbQB,31,London
rJPya,21,New York
szKvJ,26,Paris
IcsLs,40,Tokyo
kjKtk,35,Tokyo
QVrcA,40,New York
DSmKu,49,New York
ioKAG,49,New York
fqxNg,30,London
YAFDn,25,London
BMaod,25,London
ooIRW,34,Tokyo
cVZrI,49,New York
EFvFU,35,New York
SyiCz,22,London
SlFMQ,46,New York
